,Attack,Defence,HP,Name,Special Attack,Special Defence,Speed,Type1,Type2
0,49,49,45,Bulbasaur,65,65,45,Grass,Poison
1,62,63,60,Ivysaur,80,80,60,Grass,Poison
2,82,83,80,Venusaur,100,100,80,Grass,Poison
3,52,43,39,Charmander,60,50,65,Fire,
4,64,58,58,Charmeleon,80,65,80,Fire,
5,84,78,78,Charizard,109,85,100,Fire,Flying
6,48,65,44,Squirtle,50,64,43,Water,
7,63,80,59,Wartortle,65,80,58,Water,
8,83,100,79,Blastoise,85,105,78,Water,
9,30,35,45,Caterpie,20,20,45,Bug,
10,20,55,50,Metapod,25,25,30,Bug,
11,45,50,60,Butterfree,90,80,70,Bug,Flying
12,35,30,40,Weedle,20,20,50,Bug,Poison
13,25,50,45,Kakuna,25,25,35,Bug,Poison
14,90,40,65,Beedrill,45,80,75,Bug,Poison
15,45,40,40,Pidgey,35,35,56,Normal,Flying
16,60,55,63,Pidgeotto,50,50,71,Normal,Flying
17,80,75,83,Pidgeot,70,70,101,Normal,Flying
18,56,35,30,Rattata,25,35,72,Normal,
19,81,60,55,Raticate,50,70,97,Normal,
20,60,30,40,Spearow,31,31,70,Normal,Flying
21,90,65,65,Fearow,61,61,100,Normal,Flying
22,60,44,35,Ekans,40,54,55,Poison,
23,95,69,60,Arbok,65,79,80,Poison,
24,55,40,35,Pikachu,50,50,90,Electric,
25,90,55,60,Raichu,90,80,110,Electric,
26,75,85,50,Sandshrew,20,30,40,Ground,
27,100,110,75,Sandslash,45,55,65,Ground,
28,62,67,70,Nidorina,55,55,56,Poison,
29,92,87,90,Nidoqueen,75,85,76,Poison,Ground
30,72,57,61,Nidorino,55,55,65,Poison,
31,102,77,81,Nidoking,85,75,85,Poison,Ground
32,45,48,70,Clefairy,60,65,35,Fairy,
33,70,73,95,Clefable,95,90,60,Fairy,
34,41,40,38,Vulpix,50,65,65,Fire,
35,76,75,73,Ninetales,81,100,100,Fire,
36,45,20,115,Jigglypuff,45,25,20,Normal,Fairy
37,70,45,140,Wigglytuff,85,50,45,Normal,Fairy
38,45,35,40,Zubat,30,40,55,Poison,Flying
39,80,70,75,Golbat,65,75,90,Poison,Flying
40,50,55,45,Oddish,75,65,30,Grass,Poison
41,65,70,60,Gloom,85,75,40,Grass,Poison
42,80,85,75,Vileplume,110,90,50,Grass,Poison
43,70,55,35,Paras,45,55,25,Bug,Grass
44,95,80,60,Parasect,60,80,30,Bug,Grass
45,55,50,60,Venonat,40,55,45,Bug,Poison
46,65,60,70,Venomoth,90,75,90,Bug,Poison
47,55,25,10,Diglett,35,45,95,Ground,
48,100,50,35,Dugtrio,50,70,120,Ground,
49,45,35,40,Meowth,40,40,90,Normal,
50,70,60,65,Persian,65,65,115,Normal,
51,52,48,50,Psyduck,65,50,55,Water,
52,82,78,80,Golduck,95,80,85,Water,
53,80,35,40,Mankey,35,45,70,Fighting,
54,105,60,65,Primeape,60,70,95,Fighting,
55,70,45,55,Growlithe,70,50,60,Fire,
56,110,80,90,Arcanine,100,80,95,Fire,
57,50,40,40,Poliwag,40,40,90,Water,
58,65,65,65,Poliwhirl,50,50,90,Water,
59,95,95,90,Poliwrath,70,90,70,Water,Fighting
60,20,15,25,Abra,105,55,90,Psychic,
61,35,30,40,Kadabra,120,70,105,Psychic,
62,50,45,55,Alakazam,135,95,120,Psychic,
63,80,50,70,Machop,35,35,35,Fighting,
64,100,70,80,Machoke,50,60,45,Fighting,
65,130,80,90,Machamp,65,85,55,Fighting,
66,75,35,50,Bellsprout,70,30,40,Grass,Poison
67,90,50,65,Weepinbell,85,45,55,Grass,Poison
68,105,65,80,Victreebel,100,70,70,Grass,Poison
69,40,35,40,Tentacool,50,100,70,Water,Poison
70,70,65,80,Tentacruel,80,120,100,Water,Poison
71,80,100,40,Geodude,30,30,20,Rock,Ground
72,95,115,55,Graveler,45,45,35,Rock,Ground
73,120,130,80,Golem,55,65,45,Rock,Ground
74,85,55,50,Ponyta,65,65,90,Fire,
75,100,70,65,Rapidash,80,80,105,Fire,
76,65,65,90,Slowpoke,40,40,15,Water,Psychic
77,75,110,95,Slowbro,100,80,30,Water,Psychic
78,35,70,25,Magnemite,95,55,45,Electric,Steel
79,60,95,50,Magneton,120,70,70,Electric,Steel
80,90,55,52,Farfetch'd,58,62,60,Normal,Flying
81,85,45,35,Doduo,35,35,75,Normal,Flying
82,110,70,60,Dodrio,60,60,110,Normal,Flying
83,45,55,65,Seel,45,70,45,Water,
84,70,80,90,Dewgong,70,95,70,Water,Ice
85,80,50,80,Grimer,40,50,25,Poison,
86,105,75,105,Muk,65,100,50,Poison,
87,65,100,30,Shellder,45,25,40,Water,
88,95,180,50,Cloyster,85,45,70,Water,Ice
89,35,30,30,Gastly,100,35,80,Ghost,Poison
90,50,45,45,Haunter,115,55,95,Ghost,Poison
91,65,60,60,Gengar,130,75,110,Ghost,Poison
92,45,160,35,Onix,30,45,70,Rock,Ground
93,48,45,60,Drowzee,43,90,42,Psychic,
94,73,70,85,Hypno,73,115,67,Psychic,
95,105,90,30,Krabby,25,25,50,Water,
96,130,115,55,Kingler,50,50,75,Water,
97,30,50,40,Voltorb,55,55,100,Electric,
98,50,70,60,Electrode,80,80,150,Electric,
99,40,80,60,Exeggcute,60,45,40,Grass,Psychic
100,95,85,95,Exeggutor,125,75,55,Grass,Psychic
101,50,95,50,Cubone,40,50,35,Ground,
102,80,110,60,Marowak,50,80,45,Ground,
103,120,53,50,Hitmonlee,35,110,87,Fighting,
104,105,79,50,Hitmonchan,35,110,76,Fighting,
105,55,75,90,Lickitung,60,75,30,Normal,
106,65,95,40,Koffing,60,45,35,Poison,
107,90,120,65,Weezing,85,70,60,Poison,
108,85,95,80,Rhyhorn,30,30,25,Ground,Rock
109,130,120,105,Rhydon,45,45,40,Ground,Rock
110,5,5,250,Chansey,35,105,50,Normal,
111,55,115,65,Tangela,100,40,60,Grass,
112,95,80,105,Kangaskhan,40,80,90,Normal,
113,40,70,30,Horsea,70,25,60,Water,
114,65,95,55,Seadra,95,45,85,Water,
115,67,60,45,Goldeen,35,50,63,Water,
116,92,65,80,Seaking,65,80,68,Water,
117,45,55,30,Staryu,70,55,85,Water,
118,75,85,60,Starmie,100,85,115,Water,Psychic
119,110,80,70,Scyther,55,80,105,Bug,Flying
120,50,35,65,Jynx,115,95,95,Ice,Psychic
121,83,57,65,Electabuzz,95,85,105,Electric,
122,95,57,65,Magmar,100,85,93,Fire,
123,125,100,65,Pinsir,55,70,85,Bug,
124,100,95,75,Tauros,40,70,110,Normal,
125,10,55,20,Magikarp,15,20,80,Water,
126,125,79,95,Gyarados,60,100,81,Water,Flying
127,85,80,130,Lapras,85,95,60,Water,Ice
128,48,48,48,Ditto,48,48,48,Normal,
129,55,50,55,Eevee,45,65,55,Normal,
130,65,60,130,Vaporeon,110,95,65,Water,
131,65,60,65,Jolteon,110,95,130,Electric,
132,130,60,65,Flareon,95,110,65,Fire,
133,60,70,65,Porygon,85,75,40,Normal,
134,40,100,35,Omanyte,90,55,35,Rock,Water
135,60,125,70,Omastar,115,70,55,Rock,Water
136,80,90,30,Kabuto,55,45,55,Rock,Water
137,115,105,60,Kabutops,65,70,80,Rock,Water
138,105,65,80,Aerodactyl,60,75,130,Rock,Flying
139,110,65,160,Snorlax,65,110,30,Normal,
140,85,100,90,Articuno,95,125,85,Ice,Flying
141,90,85,90,Zapdos,125,90,100,Electric,Flying
142,100,90,90,Moltres,125,85,90,Fire,Flying
143,64,45,41,Dratini,50,50,50,Dragon,
144,84,65,61,Dragonair,70,70,70,Dragon,
145,134,95,91,Dragonite,100,100,80,Dragon,Flying
146,110,90,106,Mewtwo,154,90,130,Psychic,
147,100,100,100,Mew,100,100,100,Psychic,
148,49,65,45,Chikorita,49,65,45,Grass,
149,62,80,60,Bayleef,63,80,60,Grass,
150,82,100,80,Meganium,83,100,80,Grass,
151,52,43,39,Cyndaquil,60,50,65,Fire,
152,64,58,58,Quilava,80,65,80,Fire,
153,84,78,78,Typhlosion,109,85,100,Fire,
154,65,64,50,Totodile,44,48,43,Water,
155,80,80,65,Croconaw,59,63,58,Water,
156,105,100,85,Feraligatr,79,83,78,Water,
157,46,34,35,Sentret,35,45,20,Normal,
158,76,64,85,Furret,45,55,90,Normal,
159,30,30,60,Hoothoot,36,56,50,Normal,Flying
160,50,50,100,Noctowl,86,96,70,Normal,Flying
161,20,30,40,Ledyba,40,80,55,Bug,Flying
162,35,50,55,Ledian,55,110,85,Bug,Flying
163,60,40,40,Spinarak,40,40,30,Bug,Poison
164,90,70,70,Ariados,60,70,40,Bug,Poison
165,90,80,85,Crobat,70,80,130,Poison,Flying
166,38,38,75,Chinchou,56,56,67,Water,Electric
167,58,58,125,Lanturn,76,76,67,Water,Electric
168,40,15,20,Pichu,35,35,60,Electric,
169,25,28,50,Cleffa,45,55,15,Fairy,
170,30,15,90,Igglybuff,40,20,15,Normal,Fairy
171,20,65,35,Togepi,40,65,20,Fairy,
172,40,85,55,Togetic,80,105,40,Fairy,Flying
173,50,45,40,Natu,70,45,70,Psychic,Flying
174,75,70,65,Xatu,95,70,95,Psychic,Flying
175,40,40,55,Mareep,65,45,35,Electric,
176,55,55,70,Flaaffy,80,60,45,Electric,
177,75,85,90,Ampharos,115,90,55,Electric,
178,80,95,75,Bellossom,90,100,50,Grass,
179,20,50,70,Marill,20,50,40,Water,Fairy
180,50,80,100,Azumarill,60,80,50,Water,Fairy
181,100,115,70,Sudowoodo,30,65,30,Rock,
182,75,75,90,Politoed,90,100,70,Water,
183,35,40,35,Hoppip,35,55,50,Grass,Flying
184,45,50,55,Skiploom,45,65,80,Grass,Flying
185,55,70,75,Jumpluff,55,95,110,Grass,Flying
186,70,55,55,Aipom,40,55,85,Normal,
187,30,30,30,Sunkern,30,30,30,Grass,
188,75,55,75,Sunflora,105,85,30,Grass,
189,65,45,65,Yanma,75,45,95,Bug,Flying
190,45,45,55,Wooper,25,25,15,Water,Ground
191,85,85,95,Quagsire,65,65,35,Water,Ground
192,65,60,65,Espeon,130,95,110,Psychic,
193,65,110,95,Umbreon,60,130,65,Dark,
194,85,42,60,Murkrow,85,42,91,Dark,Flying
195,75,80,95,Slowking,100,110,30,Water,Psychic
196,60,60,60,Misdreavus,85,85,85,Ghost,
197,72,48,48,Unown,72,48,48,Psychic,
198,33,58,190,Wobbuffet,33,58,33,Psychic,
199,80,65,70,Girafarig,90,65,85,Normal,Psychic
200,65,90,50,Pineco,35,35,15,Bug,
201,90,140,75,Forretress,60,60,40,Bug,Steel
202,70,70,100,Dunsparce,65,65,45,Normal,
203,75,105,65,Gligar,35,65,85,Ground,Flying
204,85,200,75,Steelix,55,65,30,Steel,Ground
205,80,50,60,Snubbull,40,40,30,Fairy,
206,120,75,90,Granbull,60,60,45,Fairy,
207,95,85,65,Qwilfish,55,55,85,Water,Poison
208,130,100,70,Scizor,55,80,65,Bug,Steel
209,10,230,20,Shuckle,10,230,5,Bug,Rock
210,125,75,80,Heracross,40,95,85,Bug,Fighting
211,95,55,55,Sneasel,35,75,115,Dark,Ice
212,80,50,60,Teddiursa,50,50,40,Normal,
213,130,75,90,Ursaring,75,75,55,Normal,
214,40,40,40,Slugma,70,40,20,Fire,
215,50,120,60,Magcargo,90,80,30,Fire,Rock
216,50,40,50,Swinub,30,30,50,Ice,Ground
217,100,80,100,Piloswine,60,60,50,Ice,Ground
218,55,95,65,Corsola,65,95,35,Water,Rock
219,65,35,35,Remoraid,65,35,65,Water,
220,105,75,75,Octillery,105,75,45,Water,
221,55,45,45,Delibird,65,45,75,Ice,Flying
222,40,70,85,Mantine,80,140,70,Water,Flying
223,80,140,65,Skarmory,40,70,70,Steel,Flying
224,60,30,45,Houndour,80,50,65,Dark,Fire
225,90,50,75,Houndoom,110,80,95,Dark,Fire
226,95,95,75,Kingdra,95,95,85,Water,Dragon
227,60,60,90,Phanpy,40,40,40,Ground,
228,120,120,90,Donphan,60,60,50,Ground,
229,80,90,85,Porygon2,105,95,60,Normal,
230,95,62,73,Stantler,85,65,85,Normal,
231,20,35,55,Smeargle,20,45,75,Normal,
232,35,35,35,Tyrogue,35,35,35,Fighting,
233,95,95,50,Hitmontop,35,110,70,Fighting,
234,30,15,45,Smoochum,85,65,65,Ice,Psychic
235,63,37,45,Elekid,65,55,95,Electric,
236,75,37,45,Magby,70,55,83,Fire,
237,80,105,95,Miltank,40,70,100,Normal,
238,10,10,255,Blissey,75,135,55,Normal,
239,85,75,90,Raikou,115,100,115,Electric,
240,115,85,115,Entei,90,75,100,Fire,
241,75,115,100,Suicune,90,115,85,Water,
242,64,50,50,Larvitar,45,50,41,Rock,Ground
243,84,70,70,Pupitar,65,70,51,Rock,Ground
244,134,110,100,Tyranitar,95,100,61,Rock,Dark
245,90,130,106,Lugia,90,154,110,Psychic,Flying
246,100,100,100,Celebi,100,100,100,Grass,Psychic
247,45,35,40,Treecko,65,55,70,Grass,
248,65,45,50,Grovyle,85,65,95,Grass,
249,85,65,70,Sceptile,105,85,120,Grass,
250,60,40,45,Torchic,70,50,45,Fire,
251,85,60,60,Combusken,85,60,55,Fire,Fighting
252,120,70,80,Blaziken,110,70,80,Fire,Fighting
253,70,50,50,Mudkip,50,50,40,Water,
254,85,70,70,Marshtomp,60,70,50,Water,Ground
255,110,90,100,Swampert,85,90,60,Water,Ground
256,55,35,35,Poochyena,30,30,35,Dark,
257,90,70,70,Mightyena,60,60,70,Dark,
258,30,41,38,Zigzagoon,30,41,60,Normal,
259,70,61,78,Linoone,50,61,100,Normal,
260,45,35,45,Wurmple,20,30,20,Bug,
261,35,55,50,Silcoon,25,25,15,Bug,
262,70,50,60,Beautifly,100,50,65,Bug,Flying
263,35,55,50,Cascoon,25,25,15,Bug,
264,50,70,60,Dustox,50,90,65,Bug,Poison
265,30,30,40,Lotad,40,50,30,Water,Grass
266,50,50,60,Lombre,60,70,50,Water,Grass
267,70,70,80,Ludicolo,90,100,70,Water,Grass
268,40,50,40,Seedot,30,30,30,Grass,
269,70,40,70,Nuzleaf,60,40,60,Grass,Dark
270,100,60,90,Shiftry,90,60,80,Grass,Dark
271,55,30,40,Taillow,30,30,85,Normal,Flying
272,85,60,60,Swellow,75,50,125,Normal,Flying
273,30,30,40,Wingull,55,30,85,Water,Flying
274,50,100,60,Pelipper,95,70,65,Water,Flying
275,25,25,28,Ralts,45,35,40,Psychic,Fairy
276,35,35,38,Kirlia,65,55,50,Psychic,Fairy
277,65,65,68,Gardevoir,125,115,80,Psychic,Fairy
278,30,32,40,Surskit,50,52,65,Bug,Water
279,60,62,70,Masquerain,100,82,80,Bug,Flying
280,40,60,60,Shroomish,40,60,35,Grass,
281,130,80,60,Breloom,60,60,70,Grass,Fighting
282,60,60,60,Slakoth,35,35,30,Normal,
283,80,80,80,Vigoroth,55,55,90,Normal,
284,160,100,150,Slaking,95,65,100,Normal,
285,45,90,31,Nincada,30,30,40,Bug,Ground
286,90,45,61,Ninjask,50,50,160,Bug,Flying
287,90,45,1,Shedinja,30,30,40,Bug,Ghost
288,51,23,64,Whismur,51,23,28,Normal,
289,71,43,84,Loudred,71,43,48,Normal,
290,91,63,104,Exploud,91,73,68,Normal,
291,60,30,72,Makuhita,20,30,25,Fighting,
292,120,60,144,Hariyama,40,60,50,Fighting,
293,20,40,50,Azurill,20,40,20,Normal,Fairy
294,45,135,30,Nosepass,45,90,30,Rock,
295,45,45,50,Skitty,35,35,50,Normal,
296,65,65,70,Delcatty,55,55,90,Normal,
297,75,75,50,Sableye,65,65,50,Dark,Ghost
298,85,85,50,Mawile,55,55,50,Steel,Fairy
299,70,100,50,Aron,40,40,30,Steel,Rock
300,90,140,60,Lairon,50,50,40,Steel,Rock
301,110,180,70,Aggron,60,60,50,Steel,Rock
302,40,55,30,Meditite,40,55,60,Fighting,Psychic
303,60,75,60,Medicham,60,75,80,Fighting,Psychic
304,45,40,40,Electrike,65,40,65,Electric,
305,75,60,70,Manectric,105,60,105,Electric,
306,50,40,60,Plusle,85,75,95,Electric,
307,40,50,60,Minun,75,85,95,Electric,
308,73,75,65,Volbeat,47,85,85,Bug,
309,47,75,65,Illumise,73,85,85,Bug,
310,60,45,50,Roselia,100,80,65,Grass,Poison
311,43,53,70,Gulpin,43,53,40,Poison,
312,73,83,100,Swalot,73,83,55,Poison,
313,90,20,45,Carvanha,65,20,65,Water,Dark
314,120,40,70,Sharpedo,95,40,95,Water,Dark
315,70,35,130,Wailmer,70,35,60,Water,
316,90,45,170,Wailord,90,45,60,Water,
317,60,40,60,Numel,65,45,35,Fire,Ground
318,100,70,70,Camerupt,105,75,40,Fire,Ground
319,85,140,70,Torkoal,85,70,20,Fire,
320,25,35,60,Spoink,70,80,60,Psychic,
321,45,65,80,Grumpig,90,110,80,Psychic,
322,60,60,60,Spinda,60,60,60,Normal,
323,100,45,45,Trapinch,45,45,10,Ground,
324,70,50,50,Vibrava,50,50,70,Ground,Dragon
325,100,80,80,Flygon,80,80,100,Ground,Dragon
326,85,40,50,Cacnea,85,40,35,Grass,
327,115,60,70,Cacturne,115,60,55,Grass,Dark
328,40,60,45,Swablu,40,75,50,Normal,Flying
329,70,90,75,Altaria,70,105,80,Dragon,Flying
330,115,60,73,Zangoose,60,60,90,Normal,
331,100,60,73,Seviper,100,60,65,Poison,
332,55,65,90,Lunatone,95,85,70,Rock,Psychic
333,95,85,90,Solrock,55,65,70,Rock,Psychic
334,48,43,50,Barboach,46,41,60,Water,Ground
335,78,73,110,Whiscash,76,71,60,Water,Ground
336,80,65,43,Corphish,50,35,35,Water,
337,120,85,63,Crawdaunt,90,55,55,Water,Dark
338,40,55,40,Baltoy,40,70,55,Ground,Psychic
339,70,105,60,Claydol,70,120,75,Ground,Psychic
340,41,77,66,Lileep,61,87,23,Rock,Grass
341,81,97,86,Cradily,81,107,43,Rock,Grass
342,95,50,45,Anorith,40,50,75,Rock,Bug
343,125,100,75,Armaldo,70,80,45,Rock,Bug
344,15,20,20,Feebas,10,55,80,Water,
345,60,79,95,Milotic,100,125,81,Water,
346,70,70,70,Castform,70,70,70,Normal,
347,90,70,60,Kecleon,60,120,40,Normal,
348,75,35,44,Shuppet,63,33,45,Ghost,
349,115,65,64,Banette,83,63,65,Ghost,
350,40,90,20,Duskull,30,90,25,Ghost,
351,70,130,40,Dusclops,60,130,25,Ghost,
352,68,83,99,Tropius,72,87,51,Grass,Flying
353,50,80,75,Chimecho,95,90,65,Psychic,
354,130,60,65,Absol,75,60,75,Dark,
355,23,48,95,Wynaut,23,48,23,Psychic,
356,50,50,50,Snorunt,50,50,50,Ice,
357,80,80,80,Glalie,80,80,80,Ice,
358,40,50,70,Spheal,55,50,25,Ice,Water
359,60,70,90,Sealeo,75,70,45,Ice,Water
360,80,90,110,Walrein,95,90,65,Ice,Water
361,64,85,35,Clamperl,74,55,32,Water,
362,104,105,55,Huntail,94,75,52,Water,
363,84,105,55,Gorebyss,114,75,52,Water,
364,90,130,100,Relicanth,45,65,55,Water,Rock
365,30,55,43,Luvdisc,40,65,97,Water,
366,75,60,45,Bagon,40,30,50,Dragon,
367,95,100,65,Shelgon,60,50,50,Dragon,
368,135,80,95,Salamence,110,80,100,Dragon,Flying
369,55,80,40,Beldum,35,60,30,Steel,Psychic
370,75,100,60,Metang,55,80,50,Steel,Psychic
371,135,130,80,Metagross,95,90,70,Steel,Psychic
372,100,200,80,Regirock,50,100,50,Rock,
373,50,100,80,Regice,100,200,50,Ice,
374,75,150,80,Registeel,75,150,50,Steel,
375,80,90,80,Latias,110,130,110,Dragon,Psychic
376,90,80,80,Latios,130,110,110,Dragon,Psychic
377,100,90,100,Kyogre,150,140,90,Water,
378,150,140,100,Groudon,100,90,90,Ground,
379,150,90,105,Rayquaza,150,90,95,Dragon,Flying
380,100,100,100,Jirachi,100,100,100,Steel,Psychic
381,150,50,50,Deoxys,150,50,150,Psychic,
382,68,64,55,Turtwig,45,55,31,Grass,
383,89,85,75,Grotle,55,65,36,Grass,
384,109,105,95,Torterra,75,85,56,Grass,Ground
385,58,44,44,Chimchar,58,44,61,Fire,
386,78,52,64,Monferno,78,52,81,Fire,Fighting
387,104,71,76,Infernape,104,71,108,Fire,Fighting
388,51,53,53,Piplup,61,56,40,Water,
389,66,68,64,Prinplup,81,76,50,Water,
390,86,88,84,Empoleon,111,101,60,Water,Steel
391,55,30,40,Starly,30,30,60,Normal,Flying
392,75,50,55,Staravia,40,40,80,Normal,Flying
393,120,70,85,Staraptor,50,60,100,Normal,Flying
394,45,40,59,Bidoof,35,40,31,Normal,
395,85,60,79,Bibarel,55,60,71,Normal,Water
396,25,41,37,Kricketot,25,41,25,Bug,
397,85,51,77,Kricketune,55,51,65,Bug,
398,65,34,45,Shinx,40,34,45,Electric,
399,85,49,60,Luxio,60,49,60,Electric,
400,120,79,80,Luxray,95,79,70,Electric,
401,30,35,40,Budew,50,70,55,Grass,Poison
402,70,65,60,Roserade,125,105,90,Grass,Poison
403,125,40,67,Cranidos,30,30,58,Rock,
404,165,60,97,Rampardos,65,50,58,Rock,
405,42,118,30,Shieldon,42,88,30,Rock,Steel
406,52,168,60,Bastiodon,47,138,30,Rock,Steel
407,29,45,40,Burmy,29,45,36,Bug,
408,94,50,70,Mothim,94,50,66,Bug,Flying
409,30,42,30,Combee,30,42,70,Bug,Flying
410,80,102,70,Vespiquen,80,102,40,Bug,Flying
411,45,70,60,Pachirisu,45,90,95,Electric,
412,65,35,55,Buizel,60,30,85,Water,
413,105,55,85,Floatzel,85,50,115,Water,
414,35,45,45,Cherubi,62,53,35,Grass,
415,60,70,70,Cherrim,87,78,85,Grass,
416,48,48,76,Shellos,57,62,34,Water,
417,83,68,111,Gastrodon,92,82,39,Water,Ground
418,100,66,75,Ambipom,60,66,115,Normal,
419,50,34,90,Drifloon,60,44,70,Ghost,Flying
420,80,44,150,Drifblim,90,54,80,Ghost,Flying
421,66,44,55,Buneary,44,56,85,Normal,
422,76,84,65,Lopunny,54,96,105,Normal,
423,60,60,60,Mismagius,105,105,105,Ghost,
424,125,52,100,Honchkrow,105,52,71,Dark,Flying
425,55,42,49,Glameow,42,37,85,Normal,
426,82,64,71,Purugly,64,59,112,Normal,
427,30,50,45,Chingling,65,50,45,Psychic,
428,63,47,63,Stunky,41,41,74,Poison,Dark
429,93,67,103,Skuntank,71,61,84,Poison,Dark
430,24,86,57,Bronzor,24,86,23,Steel,Psychic
431,89,116,67,Bronzong,79,116,33,Steel,Psychic
432,80,95,50,Bonsly,10,45,10,Rock,
433,5,5,100,Happiny,15,65,30,Normal,
434,65,45,76,Chatot,92,42,91,Normal,Flying
435,92,108,50,Spiritomb,92,108,35,Ghost,Dark
436,70,45,58,Gible,40,45,42,Dragon,Ground
437,90,65,68,Gabite,50,55,82,Dragon,Ground
438,130,95,108,Garchomp,80,85,102,Dragon,Ground
439,85,40,135,Munchlax,40,85,5,Normal,
440,70,40,40,Riolu,35,40,60,Fighting,
441,110,70,70,Lucario,115,70,90,Fighting,Steel
442,72,78,68,Hippopotas,38,42,32,Ground,
443,112,118,108,Hippowdon,68,72,47,Ground,
444,50,90,40,Skorupi,30,55,65,Poison,Bug
445,90,110,70,Drapion,60,75,95,Poison,Dark
446,61,40,48,Croagunk,61,40,50,Poison,Fighting
447,106,65,83,Toxicroak,86,65,85,Poison,Fighting
448,100,72,74,Carnivine,90,72,46,Grass,
449,49,56,49,Finneon,49,61,66,Water,
450,69,76,69,Lumineon,69,86,91,Water,
451,20,50,45,Mantyke,60,120,50,Water,Flying
452,62,50,60,Snover,62,60,40,Grass,Ice
453,92,75,90,Abomasnow,92,85,60,Grass,Ice
454,120,65,70,Weavile,45,85,125,Dark,Ice
455,70,115,70,Magnezone,130,90,60,Electric,Steel
456,85,95,110,Lickilicky,80,95,50,Normal,
457,140,130,115,Rhyperior,55,55,40,Ground,Rock
458,100,125,100,Tangrowth,110,50,50,Grass,
459,123,67,75,Electivire,95,85,95,Electric,
460,95,67,75,Magmortar,125,95,83,Fire,
461,50,95,85,Togekiss,120,115,80,Fairy,Flying
462,76,86,86,Yanmega,116,56,95,Bug,Flying
463,110,130,65,Leafeon,60,65,95,Grass,
464,60,110,65,Glaceon,130,95,65,Ice,
465,95,125,75,Gliscor,45,75,95,Ground,Flying
466,130,80,110,Mamoswine,70,60,80,Ice,Ground
467,80,70,85,Porygon-Z,135,75,90,Normal,
468,125,65,68,Gallade,65,115,80,Psychic,Fighting
469,55,145,60,Probopass,75,150,40,Rock,Steel
470,100,135,45,Dusknoir,65,135,45,Ghost,
471,80,70,70,Froslass,80,70,110,Ice,Ghost
472,50,77,50,Rotom,95,77,91,Electric,Ghost
473,75,130,75,Uxie,75,130,95,Psychic,
474,105,105,80,Mesprit,105,105,80,Psychic,
475,125,70,75,Azelf,125,70,115,Psychic,
476,120,120,100,Dialga,150,100,90,Steel,Dragon
477,120,100,90,Palkia,150,120,100,Water,Dragon
478,90,106,91,Heatran,130,106,77,Fire,Steel
479,160,110,110,Regigigas,80,110,100,Normal,
480,100,120,150,Giratina,100,120,90,Ghost,Dragon
481,70,120,120,Cresselia,75,130,85,Psychic,
482,80,80,80,Phione,80,80,80,Water,
483,100,100,100,Manaphy,100,100,100,Water,
484,90,90,70,Darkrai,135,90,125,Dark,
485,120,120,120,Arceus,120,120,120,Normal,
486,100,100,100,Victini,100,100,100,Psychic,Fire
487,45,55,45,Snivy,45,55,63,Grass,
488,60,75,60,Servine,60,75,83,Grass,
489,75,95,75,Serperior,75,95,113,Grass,
490,63,45,65,Tepig,45,45,45,Fire,
491,93,55,90,Pignite,70,55,55,Fire,Fighting
492,123,65,110,Emboar,100,65,65,Fire,Fighting
493,55,45,55,Oshawott,63,45,45,Water,
494,75,60,75,Dewott,83,60,60,Water,
495,100,85,95,Samurott,108,70,70,Water,
496,55,39,45,Patrat,35,39,42,Normal,
497,85,69,60,Watchog,60,69,77,Normal,
498,60,45,45,Lillipup,25,45,55,Normal,
499,80,65,65,Herdier,35,65,60,Normal,
500,110,90,85,Stoutland,45,90,80,Normal,
501,50,37,41,Purrloin,50,37,66,Dark,
502,88,50,64,Liepard,88,50,106,Dark,
503,53,48,50,Pansage,53,48,64,Grass,
504,98,63,75,Simisage,98,63,101,Grass,
505,53,48,50,Pansear,53,48,64,Fire,
506,98,63,75,Simisear,98,63,101,Fire,
507,53,48,50,Panpour,53,48,64,Water,
508,98,63,75,Simipour,98,63,101,Water,
509,25,45,76,Munna,67,55,24,Psychic,
510,55,85,116,Musharna,107,95,29,Psychic,
511,55,50,50,Pidove,36,30,43,Normal,Flying
512,77,62,62,Tranquill,50,42,65,Normal,Flying
513,115,80,80,Unfezant,65,55,93,Normal,Flying
514,60,32,45,Blitzle,50,32,76,Electric,
515,100,63,75,Zebstrika,80,63,116,Electric,
516,75,85,55,Roggenrola,25,25,15,Rock,
517,105,105,70,Boldore,50,40,20,Rock,
518,135,130,85,Gigalith,60,80,25,Rock,
519,45,43,65,Woobat,55,43,72,Psychic,Flying
520,57,55,67,Swoobat,77,55,114,Psychic,Flying
521,85,40,60,Drilbur,30,45,68,Ground,
522,135,60,110,Excadrill,50,65,88,Ground,Steel
523,60,86,103,Audino,60,86,50,Normal,
524,80,55,75,Timburr,25,35,35,Fighting,
525,105,85,85,Gurdurr,40,50,40,Fighting,
526,140,95,105,Conkeldurr,55,65,45,Fighting,
527,50,40,50,Tympole,50,40,64,Water,
528,65,55,75,Palpitoad,65,55,69,Water,Ground
529,95,75,105,Seismitoad,85,75,74,Water,Ground
530,100,85,120,Throh,30,85,45,Fighting,
531,125,75,75,Sawk,30,75,85,Fighting,
532,53,70,45,Sewaddle,40,60,42,Bug,Grass
533,63,90,55,Swadloon,50,80,42,Bug,Grass
534,103,80,75,Leavanny,70,80,92,Bug,Grass
535,45,59,30,Venipede,30,39,57,Bug,Poison
536,55,99,40,Whirlipede,40,79,47,Bug,Poison
537,100,89,60,Scolipede,55,69,112,Bug,Poison
538,27,60,40,Cottonee,37,50,66,Grass,Fairy
539,67,85,60,Whimsicott,77,75,116,Grass,Fairy
540,35,50,45,Petilil,70,50,30,Grass,
541,60,75,70,Lilligant,110,75,90,Grass,
542,92,65,70,Basculin,80,55,98,Water,
543,72,35,50,Sandile,35,35,65,Ground,Dark
544,82,45,60,Krokorok,45,45,74,Ground,Dark
545,117,80,95,Krookodile,65,70,92,Ground,Dark
546,90,45,70,Darumaka,15,45,50,Fire,
547,140,55,105,Darmanitan,30,55,95,Fire,
548,86,67,75,Maractus,106,67,60,Grass,
549,65,85,50,Dwebble,35,35,55,Bug,Rock
550,105,125,70,Crustle,65,75,45,Bug,Rock
551,75,70,50,Scraggy,35,70,48,Dark,Fighting
552,90,115,65,Scrafty,45,115,58,Dark,Fighting
553,58,80,72,Sigilyph,103,80,97,Psychic,Flying
554,30,85,38,Yamask,55,65,30,Ghost,
555,50,145,58,Cofagrigus,95,105,30,Ghost,
556,78,103,54,Tirtouga,53,45,22,Water,Rock
557,108,133,74,Carracosta,83,65,32,Water,Rock
558,112,45,55,Archen,74,45,70,Rock,Flying
559,140,65,75,Archeops,112,65,110,Rock,Flying
560,50,62,50,Trubbish,40,62,65,Poison,
561,95,82,80,Garbodor,60,82,75,Poison,
562,65,40,40,Zorua,80,40,65,Dark,
563,105,60,60,Zoroark,120,60,105,Dark,
564,50,40,55,Minccino,40,40,75,Normal,
565,95,60,75,Cinccino,65,60,115,Normal,
566,30,50,45,Gothita,55,65,45,Psychic,
567,45,70,60,Gothorita,75,85,55,Psychic,
568,55,95,70,Gothitelle,95,110,65,Psychic,
569,30,40,45,Solosis,105,50,20,Psychic,
570,40,50,65,Duosion,125,60,30,Psychic,
571,65,75,110,Reuniclus,125,85,30,Psychic,
572,44,50,62,Ducklett,44,50,55,Water,Flying
573,87,63,75,Swanna,87,63,98,Water,Flying
574,50,50,36,Vanillite,65,60,44,Ice,
575,65,65,51,Vanillish,80,75,59,Ice,
576,95,85,71,Vanilluxe,110,95,79,Ice,
577,60,50,60,Deerling,40,50,75,Normal,Grass
578,100,70,80,Sawsbuck,60,70,95,Normal,Grass
579,75,60,55,Emolga,75,60,103,Electric,Flying
580,75,45,50,Karrablast,40,45,60,Bug,
581,135,105,70,Escavalier,60,105,20,Bug,Steel
582,55,45,69,Foongus,55,55,15,Grass,Poison
583,85,70,114,Amoonguss,85,80,30,Grass,Poison
584,40,50,55,Frillish,65,85,40,Water,Ghost
585,60,70,100,Jellicent,85,105,60,Water,Ghost
586,75,80,165,Alomomola,40,45,65,Water,
587,47,50,50,Joltik,57,50,65,Bug,Electric
588,77,60,70,Galvantula,97,60,108,Bug,Electric
589,50,91,44,Ferroseed,24,86,10,Grass,Steel
590,94,131,74,Ferrothorn,54,116,20,Grass,Steel
591,55,70,40,Klink,45,60,30,Steel,
592,80,95,60,Klang,70,85,50,Steel,
593,100,115,60,Klinklang,70,85,90,Steel,
594,55,40,35,Tynamo,45,40,60,Electric,
595,85,70,65,Eelektrik,75,70,40,Electric,
596,115,80,85,Eelektross,105,80,50,Electric,
597,55,55,55,Elgyem,85,55,30,Psychic,
598,75,75,75,Beheeyem,125,95,40,Psychic,
599,30,55,50,Litwick,65,55,20,Ghost,Fire
600,40,60,60,Lampent,95,60,55,Ghost,Fire
601,55,90,60,Chandelure,145,90,80,Ghost,Fire
602,87,60,46,Axew,30,40,57,Dragon,
603,117,70,66,Fraxure,40,50,67,Dragon,
604,147,90,76,Haxorus,60,70,97,Dragon,
605,70,40,55,Cubchoo,60,40,40,Ice,
606,130,80,95,Beartic,70,80,50,Ice,
607,50,50,80,Cryogonal,95,135,105,Ice,
608,40,85,50,Shelmet,40,65,25,Bug,
609,70,40,80,Accelgor,100,60,145,Bug,
610,66,84,109,Stunfisk,81,99,32,Ground,Electric
611,85,50,45,Mienfoo,55,50,65,Fighting,
612,125,60,65,Mienshao,95,60,105,Fighting,
613,120,90,77,Druddigon,60,90,48,Dragon,
614,74,50,59,Golett,35,50,35,Ground,Ghost
615,124,80,89,Golurk,55,80,55,Ground,Ghost
616,85,70,45,Pawniard,40,40,60,Dark,Steel
617,125,100,65,Bisharp,60,70,70,Dark,Steel
618,110,95,95,Bouffalant,40,95,55,Normal,
619,83,50,70,Rufflet,37,50,60,Normal,Flying
620,123,75,100,Braviary,57,75,80,Normal,Flying
621,55,75,70,Vullaby,45,65,60,Dark,Flying
622,65,105,110,Mandibuzz,55,95,80,Dark,Flying
623,97,66,85,Heatmor,105,66,65,Fire,
624,109,112,58,Durant,48,48,109,Bug,Steel
625,65,50,52,Deino,45,50,38,Dark,Dragon
626,85,70,72,Zweilous,65,70,58,Dark,Dragon
627,105,90,92,Hydreigon,125,90,98,Dark,Dragon
628,85,55,55,Larvesta,50,55,60,Bug,Fire
629,60,65,85,Volcarona,135,105,100,Bug,Fire
630,90,129,91,Cobalion,90,72,108,Steel,Fighting
631,129,90,91,Terrakion,72,90,108,Rock,Fighting
632,90,72,91,Virizion,90,129,108,Grass,Fighting
633,115,70,79,Tornadus,125,80,111,Flying,
634,115,70,79,Thundurus,125,80,111,Electric,Flying
635,120,100,100,Reshiram,150,120,90,Dragon,Fire
636,150,120,100,Zekrom,120,100,90,Dragon,Electric
637,125,90,89,Landorus,115,80,101,Ground,Flying
638,130,90,125,Kyurem,130,90,95,Dragon,Ice
639,72,90,91,Keldeo,129,90,108,Water,Fighting
640,120,95,71,Genesect,120,95,99,Bug,Steel
641,61,65,56,Chespin,48,45,38,Grass,
642,78,95,61,Quilladin,56,58,57,Grass,
643,107,122,88,Chesnaught,74,75,64,Grass,Fighting
644,45,40,40,Fennekin,62,60,60,Fire,
645,59,58,59,Braixen,90,70,73,Fire,
646,69,72,75,Delphox,114,100,104,Fire,Psychic
647,56,40,41,Froakie,62,44,71,Water,
648,63,52,54,Frogadier,83,56,97,Water,
649,95,67,72,Greninja,103,71,122,Water,Dark
650,36,38,38,Bunnelby,32,36,57,Normal,
651,56,77,85,Diggersby,50,77,78,Normal,Ground
652,50,43,45,Fletchling,40,38,62,Normal,Flying
653,73,55,62,Fletchinder,56,52,84,Fire,Flying
654,81,71,78,Talonflame,74,69,126,Fire,Flying
655,35,40,38,Scatterbug,27,25,35,Bug,
656,22,60,45,Spewpa,27,30,29,Bug,
657,52,50,80,Vivillon,90,50,89,Bug,Flying
658,50,58,62,Litleo,73,54,72,Fire,Normal
659,68,72,86,Pyroar,109,66,106,Fire,Normal
660,38,39,44,Flabébé,61,79,42,Fairy,
661,45,47,54,Floette,75,98,52,Fairy,
662,65,68,78,Florges,112,154,75,Fairy,
663,65,48,66,Skiddo,62,57,52,Grass,
664,100,62,123,Gogoat,97,81,68,Grass,
665,82,62,67,Pancham,46,48,43,Fighting,
666,124,78,95,Pangoro,69,71,58,Fighting,Dark
667,80,60,75,Furfrou,65,90,102,Normal,
668,48,54,62,Espurr,63,60,68,Psychic,
669,48,76,74,Meowstic,83,81,104,Psychic,
670,80,100,45,Honedge,35,37,28,Steel,Ghost
671,110,150,59,Doublade,45,49,35,Steel,Ghost
672,50,150,60,Aegislash,50,150,60,Steel,Ghost
673,52,60,78,Spritzee,63,65,23,Fairy,
674,72,72,101,Aromatisse,99,89,29,Fairy,
675,48,66,62,Swirlix,59,57,49,Fairy,
676,80,86,82,Slurpuff,85,75,72,Fairy,
677,54,53,53,Inkay,37,46,45,Dark,Psychic
678,92,88,86,Malamar,68,75,73,Dark,Psychic
679,52,67,42,Binacle,39,56,50,Rock,Water
680,105,115,72,Barbaracle,54,86,68,Rock,Water
681,60,60,50,Skrelp,60,60,30,Poison,Water
682,75,90,65,Dragalge,97,123,44,Poison,Dragon
683,53,62,50,Clauncher,58,63,44,Water,
684,73,88,71,Clawitzer,120,89,59,Water,
685,38,33,44,Helioptile,61,43,70,Electric,Normal
686,55,52,62,Heliolisk,109,94,109,Electric,Normal
687,89,77,58,Tyrunt,45,45,48,Rock,Dragon
688,121,119,82,Tyrantrum,69,59,71,Rock,Dragon
689,59,50,77,Amaura,67,63,46,Rock,Ice
690,77,72,123,Aurorus,99,92,58,Rock,Ice
691,65,65,95,Sylveon,110,130,60,Fairy,
692,92,75,78,Hawlucha,74,63,118,Fighting,Flying
693,58,57,67,Dedenne,81,67,101,Electric,Fairy
694,50,150,50,Carbink,50,150,50,Rock,Fairy
695,50,35,45,Goomy,55,75,40,Dragon,
696,75,53,68,Sliggoo,83,113,60,Dragon,
697,100,70,90,Goodra,110,150,80,Dragon,
698,80,91,57,Klefki,80,87,75,Steel,Fairy
699,70,48,43,Phantump,50,60,38,Ghost,Grass
700,110,76,85,Trevenant,65,82,56,Ghost,Grass
701,66,70,49,Pumpkaboo,44,55,51,Ghost,Grass
702,90,122,65,Gourgeist,58,75,84,Ghost,Grass
703,69,85,55,Bergmite,32,35,28,Ice,
704,117,184,95,Avalugg,44,46,28,Ice,
705,30,35,40,Noibat,45,40,55,Flying,Dragon
706,70,80,85,Noivern,97,80,123,Flying,Dragon
707,131,95,126,Xerneas,131,98,99,Fairy,
708,131,95,126,Yveltal,131,98,99,Dark,Flying
709,100,121,108,Zygarde,81,95,95,Dragon,Ground
710,100,150,50,Diancie,100,150,50,Rock,Fairy
711,110,120,80,Volcanion,130,90,70,Fire,Water
712,55,55,68,Rowlet,50,50,42,Grass,Flying
713,75,75,78,Dartrix,70,70,52,Grass,Flying
714,107,75,78,Decidueye,100,100,70,Grass,Ghost
715,65,40,45,Litten,60,40,70,Fire,
716,85,50,65,Torracat,80,50,90,Fire,
717,115,90,95,Incineroar,80,90,60,Fire,Dark
718,54,54,50,Popplio,66,56,40,Water,
719,69,69,60,Brionne,91,81,50,Water,
720,74,74,80,Primarina,126,116,60,Water,Fairy
721,75,30,35,Pikipek,30,30,65,Normal,Flying
722,85,50,55,Trumbeak,40,50,75,Normal,Flying
723,120,75,80,Toucannon,75,75,60,Normal,Flying
724,70,30,48,Yungoos,30,30,45,Normal,
725,110,60,88,Gumshoos,55,60,45,Normal,
726,62,45,47,Grubbin,55,45,46,Bug,
727,82,95,57,Charjabug,55,75,36,Bug,Electric
728,70,90,77,Vikavolt,145,75,43,Bug,Electric
729,82,57,47,Crabrawler,42,47,63,Fighting,
730,132,77,97,Crabominable,62,67,43,Fighting,Ice
731,45,40,40,Cutiefly,55,40,84,Bug,Fairy
732,55,60,60,Ribombee,95,70,124,Bug,Fairy
733,65,40,45,Rockruff,30,40,60,Rock,
734,115,65,75,Lycanroc,55,65,112,Rock,
735,20,20,45,Wishiwashi,25,25,40,Water,
736,53,62,50,Mareanie,43,52,45,Poison,Water
737,63,152,50,Toxapex,53,142,35,Poison,Water
738,100,70,70,Mudbray,45,55,45,Ground,
739,125,100,100,Mudsdale,55,85,35,Ground,
740,40,52,38,Dewpider,40,72,27,Water,Bug
741,70,92,68,Araquanid,50,132,42,Water,Bug
742,55,35,40,Fomantis,50,35,35,Grass,
743,105,90,70,Lurantis,80,90,45,Grass,
744,35,55,40,Morelull,65,75,15,Grass,Fairy
745,45,80,60,Shiinotic,90,100,30,Grass,Fairy
746,44,40,48,Salandit,71,40,77,Poison,Fire
747,64,60,68,Salazzle,111,60,117,Poison,Fire
748,75,50,70,Stufful,45,50,50,Normal,Fighting
749,125,80,120,Bewear,55,60,60,Normal,Fighting
750,30,38,42,Bounsweet,30,38,32,Grass,
751,40,48,52,Steenee,40,48,62,Grass,
752,120,98,72,Tsareena,50,98,72,Grass,
753,52,90,51,Comfey,82,110,100,Fairy,
754,60,80,90,Oranguru,90,110,60,Normal,Psychic
755,120,90,100,Passimian,40,60,80,Fighting,
756,35,40,25,Wimpod,20,30,80,Bug,Water
757,125,140,75,Golisopod,60,90,40,Bug,Water
758,55,80,55,Sandygast,70,45,15,Ghost,Ground
759,75,110,85,Palossand,100,75,35,Ghost,Ground
760,60,130,55,Pyukumuku,30,130,5,Water,
761,95,95,95,Silvally,95,95,95,Normal,
762,60,100,60,Minior,60,100,60,Rock,Flying
763,115,65,65,Komala,75,95,65,Normal,
764,78,135,60,Turtonator,91,85,36,Fire,Dragon
765,98,63,65,Togedemaru,40,73,96,Electric,Steel
766,90,80,55,Mimikyu,50,105,96,Ghost,Fairy
767,105,70,68,Bruxish,70,70,92,Water,Psychic
768,60,85,78,Drampa,135,91,36,Normal,Dragon
769,131,100,70,Dhelmise,86,90,40,Ghost,Grass
770,55,65,45,Jangmo-o,45,45,45,Dragon,
771,75,90,55,Hakamo-o,65,70,65,Dragon,Fighting
772,110,125,75,Kommo-o,100,105,85,Dragon,Fighting
773,29,31,43,Cosmog,29,31,37,Psychic,
774,29,131,43,Cosmoem,29,131,37,Psychic,
775,137,107,137,Solgaleo,113,89,97,Psychic,Steel
776,113,89,137,Lunala,137,107,97,Psychic,Ghost
777,53,47,109,Nihilego,127,131,103,Rock,Poison
778,139,139,107,Buzzwole,53,53,79,Bug,Fighting
779,137,37,71,Pheromosa,137,37,151,Bug,Fighting
780,89,71,83,Xurkitree,173,71,83,Electric,
781,101,103,97,Celesteela,107,101,61,Steel,Flying
782,181,131,59,Kartana,59,31,109,Grass,Steel
783,101,53,223,Guzzlord,97,53,43,Dragon,Dark
784,107,101,97,Necrozma,127,89,79,Psychic,
785,95,115,80,Magearna,130,115,65,Steel,Fairy
786,125,80,90,Marshadow,90,90,125,Fighting,Ghost
787,73,67,67,Poipole,73,67,73,Poison,
788,73,73,73,Naganadel,127,73,121,Poison,Dragon
789,131,211,61,Stakataka,53,101,13,Rock,Steel
790,127,53,53,Blacephalon,151,79,107,Fire,Ghost
791,112,75,88,Zeraora,102,80,143,Electric,
